product_name,productId
DellaWellsXmasOrnament,61a67d0f203afc70248ce826
Seed Paper,6154bc368d2ba004cee27494
Wreath,5f55157900d4e20f38da33f5
Help us,61169df5c1651035d277a0bf
,6148e8ca4082ae2b18adb593
Sunflowers,611d0d08b2e4ae2570817fad
Caladium,610d5f889e677d6b733aa739
SummerIndi,5f061720d76e7614dd8447a4
ThankSeed,5f53c47c64c7ed68b89c27a0
HoneyCandle,610c38eedead5a2e2a7a21a6
RawHoney,60d4a3a83eebaa71ce2ead28
CSA 2022,5ebdc01713269e6b5b3e8c3d
Peony,60c1216db9fc391a5c4702eb
Apricot Dream (Copy),5eb5f1e2500bcf34ded86276
Best of Spring Mix (Copy),5eb5f1c27d843102f6ab777e
Summer/Fall Flower CSA Membership (Copy),5efb871578add04b48274968
